https://micahhoang.com/	https://micahhoang.com/	200	991	58	289	668	388	57	7/7	4/4	0/0	0/1	0/0/0	false	0	0	0
https://micahhoang.com/404	https://micahhoang.com/404	404	181	73	220	220	236	31	0/0	0/0	0/0	0/1	0/0/0	false	1	0	0
https://micahhoang.com/case-studies	https://micahhoang.com/index	200	1701	0	124	170	188	62	1/15	0/0	0/0	0/1	0/0/0	false	5	6	4
https://micahhoang.com/case-studies/airpods	https://micahhoang.com/case-studies/airpods	200	1551	52	481	832	1625	109	8/8	3/11	1/3	0/1	1/1/1	false	0	0	8
https://micahhoang.com/case-studies/belly-bar	https://micahhoang.com/case-studies/belly-bar	404	181	47	266	266	282	31	0/0	0/0	0/0	0/1	0/0/0	false	1	0	0
https://micahhoang.com/case-studies/cellular-symphony	https://micahhoang.com/case-studies/cellular-symphony	200	1605	154	225	401	464	79	18/22	1/1	0/1	1/2	1/1/0	false	0	0	0
https://micahhoang.com/case-studies/gaia	https://micahhoang.com/case-studies/gaia	200	2774	50	603	988	3243	176	17/24	16/16	1/16	0/1	1/1/1	false	8	0	8
https://micahhoang.com/case-studies/highland-harvests	https://micahhoang.com/case-studies/highland-harvests	200	3921	54	401	744	10716	176	25/25	3/3	0/3	0/1	1/1/1	false	0	0	9
https://micahhoang.com/case-studies/independent-lens	https://micahhoang.com/case-studies/independent-lens	200	1953	87	442	732	1165	69	17/17	1/1	0/1	0/1	1/1/1	false	0	0	0
https://micahhoang.com/case-studies/karuna	https://micahhoang.com/case-studies/karuna	404	181	50	206	206	222	31	0/0	0/0	0/0	0/1	0/0/0	false	1	0	0
https://micahhoang.com/case-studies/motion-connect-2025	https://micahhoang.com/case-studies/motion-connect-2025	200	2282	80	498	1387	3434	141	9/9	6/27	1/6	1/2	1/1/1	false	11	0	13
https://micahhoang.com/case-studies/national-park-cards	https://micahhoang.com/case-studies/national-park-cards	200	3833	99	478	764	969	91	19/24	0/7	0/0	0/1	1/1/1	false	0	0	2
https://micahhoang.com/case-studies/peak-energy	https://micahhoang.com/case-studies/peak-energy	200	2898	54	386	578	2302	182	8/8	10/10	1/10	2/3	1/1/1	false	11	0	14
https://micahhoang.com/case-studies/rejuve	https://micahhoang.com/case-studies/rejuve	404	181	131	273	273	289	31	0/0	0/0	0/0	0/1	0/0/0	false	1	0	0
https://micahhoang.com/case-studies/seek-truth	https://micahhoang.com/case-studies/seek-truth	200	3355	107	190	532	1439	143	73/86	3/3	0/3	0/1	1/1/1	false	0	0	1
https://micahhoang.com/case-studies/simon-schuster	https://micahhoang.com/case-studies/simon-schuster	200	3475	53	487	768	786	113	41/96	0/3	0/0	0/1	1/1/1	false	3	0	6
https://micahhoang.com/case-studies/typldn	https://micahhoang.com/case-studies/typldn	200	1002	91	210	352	1246	71	9/14	2/6	0/2	0/1	1/1/1	false	0	0	0
https://micahhoang.com/case-studies/weaponized-innocence	https://micahhoang.com/case-studies/weaponized-innocence	200	3259	52	415	664	11516	113	44/56	2/2	0/2	0/1	1/1/1	false	0	0	2
https://micahhoang.com/case-studies/whatsapp	https://micahhoang.com/case-studies/whatsapp	200	1038	132	321	468	410	67	3/3	6/11	6/7	0/1	0/0/0	false	1	0	1
https://micahhoang.com/case-studies/wolff-olins-x-artcenter	https://micahhoang.com/case-studies/wolff-olins-x-artcenter	200	1355	54	181	336	3143	85	15/15	5/10	5/5	0/1	0/0/0	false	0	0	1
https://micahhoang.com/case-studies/yomo	https://micahhoang.com/case-studies/yomo	200	4268	50	400	652	648	76	26/26	0/2	0/0	0/1	1/1/1	false	0	0	0
https://micahhoang.com/home-alt	https://micahhoang.com/home-alt	200	955	65	287	620	378	54	7/7	4/4	0/0	0/1	0/0/0	false	0	0	0
https://micahhoang.com/index	https://micahhoang.com/index	200	1701	127	252	295	311	35	1/15	0/0	0/0	0/1	0/0/0	false	3	0	0
https://micahhoang.com/info	https://micahhoang.com/info	200	1833	82	156	352	371	35	1/1	0/0	0/0	0/1	0/0/0	false	0	0	0
https://micahhoang.com/play	https://micahhoang.com/play	200	102	55	174	2380	190	114	94/94	16/16	0/0	0/1	0/0/0	false	0	0	0
