order,role,framerTarget,hash,name,kind,originalWidth,originalHeight,originalBytes,sourcePath,optimizedPath,optimizedBytes,optimizedWidth,optimizedHeight,uploadToFramerThenReplace
1,hero,native image layer vRT3h0LcT,X2115573292370133508607673882133,Seek-Truth-Cover.png,image,7632,3007,21557094,/Users/micahhoang/My Drive/Portfolio 2026/case-study-assets/seek-truth/source/X2115573292370133508607673882133__Seek-Truth-Cover.png,/Users/micahhoang/My Drive/Portfolio 2026/case-study-assets/seek-truth/optimized/X2115573292370133508607673882133__Seek-Truth-Cover.webp,101360,2600,1024,
2,cover left,native image layer TkA2WJz9S,Z2115569781382887215395005257237,Seek-Truth-Cover.png,image,1875,1250,1482366,/Users/micahhoang/My Drive/Portfolio 2026/case-study-assets/seek-truth/source/Z2115569781382887215395005257237__Seek-Truth-Cover.png,/Users/micahhoang/My Drive/Portfolio 2026/case-study-assets/seek-truth/optimized/Z2115569781382887215395005257237__Seek-Truth-Cover.webp,46970,1800,1200,
3,cover right,native image layer ijjdfRWgU,C1559077863609989868319825712661,Untitled-2.png,image,1875,1250,1801695,/Users/micahhoang/My Drive/Portfolio 2026/case-study-assets/seek-truth/source/C1559077863609989868319825712661__Untitled-2.png,/Users/micahhoang/My Drive/Portfolio 2026/case-study-assets/seek-truth/optimized/C1559077863609989868319825712661__Untitled-2.webp,63282,1800,1200,
4,interior spread,SeekTruthCargoSlideshow / interior grid,A1556789805770820217683306599957,Inside-Cover-Page.png,image,4400,3300,12057750,/Users/micahhoang/My Drive/Portfolio 2026/case-study-assets/seek-truth/source/A1556789805770820217683306599957__Inside-Cover-Page.png,/Users/micahhoang/My Drive/Portfolio 2026/case-study-assets/seek-truth/optimized/A1556789805770820217683306599957__Inside-Cover-Page.webp,160986,1800,1350,
5,interior spread,SeekTruthCargoSlideshow / interior grid,X1556789805789266961757016151573,Open-Pages---Portrait-2.png,image,4400,3300,17754119,/Users/micahhoang/My Drive/Portfolio 2026/case-study-assets/seek-truth/source/X1556789805789266961757016151573__Open-Pages---Portrait-2.png,/Users/micahhoang/My Drive/Portfolio 2026/case-study-assets/seek-truth/optimized/X1556789805789266961757016151573__Open-Pages---Portrait-2.webp,165326,1800,1350,
6,interior spread,SeekTruthCargoSlideshow / interior grid,U1556858323988072722967638038037,Open-Pages---Portrait-Recovered-2.png,image,1666,1250,1281713,/Users/micahhoang/My Drive/Portfolio 2026/case-study-assets/seek-truth/source/U1556858323988072722967638038037__Open-Pages---Portrait-Recovered-2.png,/Users/micahhoang/My Drive/Portfolio 2026/case-study-assets/seek-truth/optimized/U1556858323988072722967638038037__Open-Pages---Portrait-Recovered-2.webp,108246,1666,1250,
7,interior spread,SeekTruthCargoSlideshow / interior grid,F1556877210354951197165288150549,Open-Pages---Portrait-Recovered18.png,image,1666,1250,2118326,/Users/micahhoang/My Drive/Portfolio 2026/case-study-assets/seek-truth/source/F1556877210354951197165288150549__Open-Pages---Portrait-Recovered18.png,/Users/micahhoang/My Drive/Portfolio 2026/case-study-assets/seek-truth/optimized/F1556877210354951197165288150549__Open-Pages---Portrait-Recovered18.webp,378788,1666,1250,
8,interior spread,SeekTruthCargoSlideshow / interior grid,J1556886033635555837254631151125,Untitled-2.png,image,1666,1250,1312725,/Users/micahhoang/My Drive/Portfolio 2026/case-study-assets/seek-truth/source/J1556886033635555837254631151125__Untitled-2.png,/Users/micahhoang/My Drive/Portfolio 2026/case-study-assets/seek-truth/optimized/J1556886033635555837254631151125__Untitled-2.webp,176534,1666,1250,
9,interior spread,SeekTruthCargoSlideshow / interior grid,A1556858324430794580736667276821,Open-Pages---Portrait-Recovered.png,image,1666,1250,1197607,/Users/micahhoang/My Drive/Portfolio 2026/case-study-assets/seek-truth/source/A1556858324430794580736667276821__Open-Pages---Portrait-Recovered.png,/Users/micahhoang/My Drive/Portfolio 2026/case-study-assets/seek-truth/optimized/A1556858324430794580736667276821__Open-Pages---Portrait-Recovered.webp,134396,1666,1250,
10,interior spread,SeekTruthCargoSlideshow / interior grid,Z1556789805401885336209115567637,Open-Pages---Portrait-4.png,image,4400,3300,15592246,/Users/micahhoang/My Drive/Portfolio 2026/case-study-assets/seek-truth/source/Z1556789805401885336209115567637__Open-Pages---Portrait-4.png,/Users/micahhoang/My Drive/Portfolio 2026/case-study-assets/seek-truth/optimized/Z1556789805401885336209115567637__Open-Pages---Portrait-4.webp,111880,1800,1350,
11,interior spread,SeekTruthCargoSlideshow / interior grid,Q1556900886880097011890754147861,Untitled-5.png,image,1666,1250,1997186,/Users/micahhoang/My Drive/Portfolio 2026/case-study-assets/seek-truth/source/Q1556900886880097011890754147861__Untitled-5.png,/Users/micahhoang/My Drive/Portfolio 2026/case-study-assets/seek-truth/optimized/Q1556900886880097011890754147861__Untitled-5.webp,176204,1666,1250,
12,interior spread,SeekTruthCargoSlideshow / interior grid,D1558959138760264532516118189589,Open-Pages---Portrait.png,image,4400,3300,11450753,/Users/micahhoang/My Drive/Portfolio 2026/case-study-assets/seek-truth/source/D1558959138760264532516118189589__Open-Pages---Portrait.png,/Users/micahhoang/My Drive/Portfolio 2026/case-study-assets/seek-truth/optimized/D1558959138760264532516118189589__Open-Pages---Portrait.webp,201668,1800,1350,
13,interior spread,SeekTruthCargoSlideshow / interior grid,J1558962392839706111175861458453,Open-Pages---Portrait-3.png,image,4400,3300,9264397,/Users/micahhoang/My Drive/Portfolio 2026/case-study-assets/seek-truth/source/J1558962392839706111175861458453__Open-Pages---Portrait-3.png,/Users/micahhoang/My Drive/Portfolio 2026/case-study-assets/seek-truth/optimized/J1558962392839706111175861458453__Open-Pages---Portrait-3.webp,172484,1800,1350,
14,interior spread,SeekTruthCargoSlideshow / interior grid,B1556789805420332080282825119253,Open-Pages---Portrait-5.png,image,4400,3300,17591990,/Users/micahhoang/My Drive/Portfolio 2026/case-study-assets/seek-truth/source/B1556789805420332080282825119253__Open-Pages---Portrait-5.png,/Users/micahhoang/My Drive/Portfolio 2026/case-study-assets/seek-truth/optimized/B1556789805420332080282825119253__Open-Pages---Portrait-5.webp,228260,1800,1350,
15,interior spread,SeekTruthCargoSlideshow / interior grid,E1558965353449896221190348068373,Open-Pages---Portrait-5.png,image,4400,3300,8235053,/Users/micahhoang/My Drive/Portfolio 2026/case-study-assets/seek-truth/source/E1558965353449896221190348068373__Open-Pages---Portrait-5.png,/Users/micahhoang/My Drive/Portfolio 2026/case-study-assets/seek-truth/optimized/E1558965353449896221190348068373__Open-Pages---Portrait-5.webp,137906,1800,1350,
16,interior spread,SeekTruthCargoSlideshow / interior grid,M1556789805531012544725082428949,Open-Pages---Portrait-11.png,image,4400,3300,7706741,/Users/micahhoang/My Drive/Portfolio 2026/case-study-assets/seek-truth/source/M1556789805531012544725082428949__Open-Pages---Portrait-11.png,/Users/micahhoang/My Drive/Portfolio 2026/case-study-assets/seek-truth/optimized/M1556789805531012544725082428949__Open-Pages---Portrait-11.webp,172098,1800,1350,
17,interior spread,SeekTruthCargoSlideshow / interior grid,V1556789805549459288798791980565,Open-Pages---Portrait-12.png,image,4400,3300,10733387,/Users/micahhoang/My Drive/Portfolio 2026/case-study-assets/seek-truth/source/V1556789805549459288798791980565__Open-Pages---Portrait-12.png,/Users/micahhoang/My Drive/Portfolio 2026/case-study-assets/seek-truth/optimized/V1556789805549459288798791980565__Open-Pages---Portrait-12.webp,200266,1800,1350,
18,interior spread,SeekTruthCargoSlideshow / interior grid,V1556789805567906032872501532181,Open-Pages---Portrait-13.png,image,4400,3300,8218639,/Users/micahhoang/My Drive/Portfolio 2026/case-study-assets/seek-truth/source/V1556789805567906032872501532181__Open-Pages---Portrait-13.png,/Users/micahhoang/My Drive/Portfolio 2026/case-study-assets/seek-truth/optimized/V1556789805567906032872501532181__Open-Pages---Portrait-13.webp,148314,1800,1350,
19,interior spread,SeekTruthCargoSlideshow / interior grid,Q1556789805438778824356534670869,Open-Pages---Portrait-6.png,image,4400,3300,9320050,/Users/micahhoang/My Drive/Portfolio 2026/case-study-assets/seek-truth/source/Q1556789805438778824356534670869__Open-Pages---Portrait-6.png,/Users/micahhoang/My Drive/Portfolio 2026/case-study-assets/seek-truth/optimized/Q1556789805438778824356534670869__Open-Pages---Portrait-6.webp,168004,1800,1350,
20,interior spread,SeekTruthCargoSlideshow / interior grid,D1556789805586352776946211083797,Open-Pages---Portrait-14.png,image,4400,3300,11366553,/Users/micahhoang/My Drive/Portfolio 2026/case-study-assets/seek-truth/source/D1556789805586352776946211083797__Open-Pages---Portrait-14.png,/Users/micahhoang/My Drive/Portfolio 2026/case-study-assets/seek-truth/optimized/D1556789805586352776946211083797__Open-Pages---Portrait-14.webp,322360,1800,1350,
21,interior spread,SeekTruthCargoSlideshow / interior grid,U1556789805604799521019920635413,Open-Pages---Portrait-15.png,image,4400,3300,10638050,/Users/micahhoang/My Drive/Portfolio 2026/case-study-assets/seek-truth/source/U1556789805604799521019920635413__Open-Pages---Portrait-15.png,/Users/micahhoang/My Drive/Portfolio 2026/case-study-assets/seek-truth/optimized/U1556789805604799521019920635413__Open-Pages---Portrait-15.webp,177398,1800,1350,
22,interior spread,SeekTruthCargoSlideshow / interior grid,F1556789805623246265093630187029,Open-Pages---Portrait-16.png,image,4400,3300,11456755,/Users/micahhoang/My Drive/Portfolio 2026/case-study-assets/seek-truth/source/F1556789805623246265093630187029__Open-Pages---Portrait-16.png,/Users/micahhoang/My Drive/Portfolio 2026/case-study-assets/seek-truth/optimized/F1556789805623246265093630187029__Open-Pages---Portrait-16.webp,160478,1800,1350,
23,interior spread,SeekTruthCargoSlideshow / interior grid,E1556789805641693009167339738645,Open-Pages---Portrait-17.png,image,4400,3300,9092989,/Users/micahhoang/My Drive/Portfolio 2026/case-study-assets/seek-truth/source/E1556789805641693009167339738645__Open-Pages---Portrait-17.png,/Users/micahhoang/My Drive/Portfolio 2026/case-study-assets/seek-truth/optimized/E1556789805641693009167339738645__Open-Pages---Portrait-17.webp,192010,1800,1350,
24,interior spread,SeekTruthCargoSlideshow / interior grid,V1556789805660139753241049290261,Open-Pages---Portrait-18.png,image,4400,3300,15974664,/Users/micahhoang/My Drive/Portfolio 2026/case-study-assets/seek-truth/source/V1556789805660139753241049290261__Open-Pages---Portrait-18.png,/Users/micahhoang/My Drive/Portfolio 2026/case-study-assets/seek-truth/optimized/V1556789805660139753241049290261__Open-Pages---Portrait-18.webp,764012,1800,1350,
25,interior spread,SeekTruthCargoSlideshow / interior grid,S1556897284729041506405481436693,Untitled-4.png,image,1666,1250,1799896,/Users/micahhoang/My Drive/Portfolio 2026/case-study-assets/seek-truth/source/S1556897284729041506405481436693__Untitled-4.png,/Users/micahhoang/My Drive/Portfolio 2026/case-study-assets/seek-truth/optimized/S1556897284729041506405481436693__Untitled-4.webp,243204,1666,1250,
26,interior spread,SeekTruthCargoSlideshow / interior grid,Y1556789805678586497314758841877,Open-Pages---Portrait-19.png,image,4400,3300,16487850,/Users/micahhoang/My Drive/Portfolio 2026/case-study-assets/seek-truth/source/Y1556789805678586497314758841877__Open-Pages---Portrait-19.png,/Users/micahhoang/My Drive/Portfolio 2026/case-study-assets/seek-truth/optimized/Y1556789805678586497314758841877__Open-Pages---Portrait-19.webp,212776,1800,1350,
27,interior spread,SeekTruthCargoSlideshow / interior grid,J1556858324486134812957795931669,Open-Pages---Portrait-Recovered6.png,image,1666,1250,1370735,/Users/micahhoang/My Drive/Portfolio 2026/case-study-assets/seek-truth/source/J1556858324486134812957795931669__Open-Pages---Portrait-Recovered6.png,/Users/micahhoang/My Drive/Portfolio 2026/case-study-assets/seek-truth/optimized/J1556858324486134812957795931669__Open-Pages---Portrait-Recovered6.webp,163690,1666,1250,
28,interior spread,SeekTruthCargoSlideshow / interior grid,D1558972721559094606701711840789,Open-Pages---Portrait-7.png,image,4400,3300,10078333,/Users/micahhoang/My Drive/Portfolio 2026/case-study-assets/seek-truth/source/D1558972721559094606701711840789__Open-Pages---Portrait-7.png,/Users/micahhoang/My Drive/Portfolio 2026/case-study-assets/seek-truth/optimized/D1558972721559094606701711840789__Open-Pages---Portrait-7.webp,208068,1800,1350,
29,interior spread,SeekTruthCargoSlideshow / interior grid,B1556891737608631101206214989333,Untitled-3.png,image,1666,1250,1446439,/Users/micahhoang/My Drive/Portfolio 2026/case-study-assets/seek-truth/source/B1556891737608631101206214989333__Untitled-3.png,/Users/micahhoang/My Drive/Portfolio 2026/case-study-assets/seek-truth/optimized/B1556891737608631101206214989333__Untitled-3.webp,190334,1666,1250,
30,interior spread,SeekTruthCargoSlideshow / interior grid,X1556789805733926729535887496725,Open-Pages---Portrait-22.png,image,4400,3300,17396337,/Users/micahhoang/My Drive/Portfolio 2026/case-study-assets/seek-truth/source/X1556789805733926729535887496725__Open-Pages---Portrait-22.png,/Users/micahhoang/My Drive/Portfolio 2026/case-study-assets/seek-truth/optimized/X1556789805733926729535887496725__Open-Pages---Portrait-22.webp,198878,1800,1350,
31,interior spread,SeekTruthCargoSlideshow / interior grid,P1556789805715479985462177945109,Open-Pages---Portrait-21.png,image,4400,3300,8902898,/Users/micahhoang/My Drive/Portfolio 2026/case-study-assets/seek-truth/source/P1556789805715479985462177945109__Open-Pages---Portrait-21.png,/Users/micahhoang/My Drive/Portfolio 2026/case-study-assets/seek-truth/optimized/P1556789805715479985462177945109__Open-Pages---Portrait-21.webp,181586,1800,1350,
32,interior spread,SeekTruthCargoSlideshow / interior grid,K1556858324541475045178924586517,Open-Pages---Portrait-Recovered9.png,image,1666,1250,2907690,/Users/micahhoang/My Drive/Portfolio 2026/case-study-assets/seek-truth/source/K1556858324541475045178924586517__Open-Pages---Portrait-Recovered9.png,/Users/micahhoang/My Drive/Portfolio 2026/case-study-assets/seek-truth/optimized/K1556858324541475045178924586517__Open-Pages---Portrait-Recovered9.webp,217530,1666,1250,
33,interior spread,SeekTruthCargoSlideshow / interior grid,Y1556858324559921789252634138133,Open-Pages---Portrait-Recovered10.png,image,1666,1250,1107695,/Users/micahhoang/My Drive/Portfolio 2026/case-study-assets/seek-truth/source/Y1556858324559921789252634138133__Open-Pages---Portrait-Recovered10.png,/Users/micahhoang/My Drive/Portfolio 2026/case-study-assets/seek-truth/optimized/Y1556858324559921789252634138133__Open-Pages---Portrait-Recovered10.webp,84494,1666,1250,
34,interior spread,SeekTruthCargoSlideshow / interior grid,J1556858324578368533326343689749,Open-Pages---Portrait-Recovered11.png,image,1666,1250,1823680,/Users/micahhoang/My Drive/Portfolio 2026/case-study-assets/seek-truth/source/J1556858324578368533326343689749__Open-Pages---Portrait-Recovered11.png,/Users/micahhoang/My Drive/Portfolio 2026/case-study-assets/seek-truth/optimized/J1556858324578368533326343689749__Open-Pages---Portrait-Recovered11.webp,211280,1666,1250,
35,interior spread,SeekTruthCargoSlideshow / interior grid,C1556858324596815277400053241365,Open-Pages---Portrait-Recovered12.png,image,1666,1250,1862040,/Users/micahhoang/My Drive/Portfolio 2026/case-study-assets/seek-truth/source/C1556858324596815277400053241365__Open-Pages---Portrait-Recovered12.png,/Users/micahhoang/My Drive/Portfolio 2026/case-study-assets/seek-truth/optimized/C1556858324596815277400053241365__Open-Pages---Portrait-Recovered12.webp,162124,1666,1250,
36,interior spread,SeekTruthCargoSlideshow / interior grid,N1556858324615262021473762792981,Open-Pages---Portrait-Recovered13.png,image,1666,1250,1410120,/Users/micahhoang/My Drive/Portfolio 2026/case-study-assets/seek-truth/source/N1556858324615262021473762792981__Open-Pages---Portrait-Recovered13.png,/Users/micahhoang/My Drive/Portfolio 2026/case-study-assets/seek-truth/optimized/N1556858324615262021473762792981__Open-Pages---Portrait-Recovered13.webp,158076,1666,1250,
37,interior spread,SeekTruthCargoSlideshow / interior grid,T1556858324633708765547472344597,Open-Pages---Portrait-Recovered14.png,image,1666,1250,1406311,/Users/micahhoang/My Drive/Portfolio 2026/case-study-assets/seek-truth/source/T1556858324633708765547472344597__Open-Pages---Portrait-Recovered14.png,/Users/micahhoang/My Drive/Portfolio 2026/case-study-assets/seek-truth/optimized/T1556858324633708765547472344597__Open-Pages---Portrait-Recovered14.webp,236658,1666,1250,
38,interior spread,SeekTruthCargoSlideshow / interior grid,N1558976749387216357108597642773,Open-Pages---Portrait-9.png,image,4400,3300,9390560,/Users/micahhoang/My Drive/Portfolio 2026/case-study-assets/seek-truth/source/N1558976749387216357108597642773__Open-Pages---Portrait-9.png,/Users/micahhoang/My Drive/Portfolio 2026/case-study-assets/seek-truth/optimized/N1558976749387216357108597642773__Open-Pages---Portrait-9.webp,167852,1800,1350,
39,poster main,native image layer lpYvVQdCa,B1555677928068863189648847132181,Chinatown-Mockup-1.png,image,5040,2825,24938230,/Users/micahhoang/My Drive/Portfolio 2026/case-study-assets/seek-truth/source/B1555677928068863189648847132181__Chinatown-Mockup-1.png,/Users/micahhoang/My Drive/Portfolio 2026/case-study-assets/seek-truth/optimized/B1555677928068863189648847132181__Chinatown-Mockup-1.webp,196944,2200,1233,
40,poster installation photo 1,grid node ruUAJWfdO item 1,O1559026109867538319854065145365,DSC02534.jpg,image,4000,6000,12279747,/Users/micahhoang/My Drive/Portfolio 2026/case-study-assets/seek-truth/source/O1559026109867538319854065145365__DSC02534.jpg,/Users/micahhoang/My Drive/Portfolio 2026/case-study-assets/seek-truth/optimized/O1559026109867538319854065145365__DSC02534.webp,160052,1200,1800,
41,poster installation photo 2,grid node ruUAJWfdO item 2,B1559038724673473126130937746965,DSC02502.jpeg,image,4000,6000,10941195,/Users/micahhoang/My Drive/Portfolio 2026/case-study-assets/seek-truth/source/B1559038724673473126130937746965__DSC02502.jpeg,/Users/micahhoang/My Drive/Portfolio 2026/case-study-assets/seek-truth/optimized/B1559038724673473126130937746965__DSC02502.webp,162696,1200,1800,
42,poster promo video,grid node ruUAJWfdO item 3 video,D1559036843585192953673121256981,Seek-Truth-Promo-Video.mp4,video,1080,1920,19544164,/Users/micahhoang/My Drive/Portfolio 2026/case-study-assets/seek-truth/source/D1559036843585192953673121256981__Seek-Truth-Promo-Video.mp4,/Users/micahhoang/My Drive/Portfolio 2026/case-study-assets/seek-truth/optimized/D1559036843585192953673121256981__Seek-Truth-Promo-Video.mp4,8833382,,,
43,process square video,grid node vAkXWR8qp item 1 video,B1559462854611292792440710485525,Seek-Truth.mp4,video,1080,1080,280657,/Users/micahhoang/My Drive/Portfolio 2026/case-study-assets/seek-truth/source/B1559462854611292792440710485525__Seek-Truth.mp4,/Users/micahhoang/My Drive/Portfolio 2026/case-study-assets/seek-truth/optimized/B1559462854611292792440710485525__Seek-Truth.mp4,61171,,,
44,process landscape video,grid node vAkXWR8qp item 2 video,N1559502828724147265112771909141,Comp-1.mp4,video,2272,1704,4432494,/Users/micahhoang/My Drive/Portfolio 2026/case-study-assets/seek-truth/source/N1559502828724147265112771909141__Comp-1.mp4,/Users/micahhoang/My Drive/Portfolio 2026/case-study-assets/seek-truth/optimized/N1559502828724147265112771909141__Comp-1.mp4,1601664,,,
45,process photo 1,grid node eMTFBhpPX item 1,E1555297459249976447277121918485,_DSC3468.jpg,image,4000,6000,16323156,/Users/micahhoang/My Drive/Portfolio 2026/case-study-assets/seek-truth/source/E1555297459249976447277121918485___DSC3468.jpg,/Users/micahhoang/My Drive/Portfolio 2026/case-study-assets/seek-truth/optimized/E1555297459249976447277121918485___DSC3468.webp,163242,1200,1800,
46,process photo 2,grid node eMTFBhpPX item 2,F1555297459120849238761155057173,_DSC3489.jpg,image,4000,6000,20251087,/Users/micahhoang/My Drive/Portfolio 2026/case-study-assets/seek-truth/source/F1555297459120849238761155057173___DSC3489.jpg,/Users/micahhoang/My Drive/Portfolio 2026/case-study-assets/seek-truth/optimized/F1555297459120849238761155057173___DSC3489.webp,392504,1200,1800,
47,process photo 3,grid node eMTFBhpPX item 3,B1555297459157742726908574160405,_DSC3483.jpg,image,6000,4000,20088988,/Users/micahhoang/My Drive/Portfolio 2026/case-study-assets/seek-truth/source/B1555297459157742726908574160405___DSC3483.jpg,/Users/micahhoang/My Drive/Portfolio 2026/case-study-assets/seek-truth/optimized/B1555297459157742726908574160405___DSC3483.webp,288716,1800,1200,
48,process photo 4,grid node eMTFBhpPX item 4,T1559026110420940642065351693845,IMG_1174.JPG,image,4032,3024,3655122,/Users/micahhoang/My Drive/Portfolio 2026/case-study-assets/seek-truth/source/T1559026110420940642065351693845__IMG_1174.jpg,/Users/micahhoang/My Drive/Portfolio 2026/case-study-assets/seek-truth/optimized/T1559026110420940642065351693845__IMG_1174.webp,235820,1800,1350,
49,process photo 5,grid node eMTFBhpPX item 5,J1555297459213082959129702815253,_DSC3474.jpg,image,6000,4000,18641260,/Users/micahhoang/My Drive/Portfolio 2026/case-study-assets/seek-truth/source/J1555297459213082959129702815253___DSC3474.jpg,/Users/micahhoang/My Drive/Portfolio 2026/case-study-assets/seek-truth/optimized/J1555297459213082959129702815253___DSC3474.webp,300588,1800,1200,
50,process photo 6,grid node eMTFBhpPX item 6,W1555297459139295982834864608789,_DSC3486.jpg,image,6000,4000,17492432,/Users/micahhoang/My Drive/Portfolio 2026/case-study-assets/seek-truth/source/W1555297459139295982834864608789___DSC3486.jpg,/Users/micahhoang/My Drive/Portfolio 2026/case-study-assets/seek-truth/optimized/W1555297459139295982834864608789___DSC3486.webp,288974,1800,1200,
51,propaganda original,native image layer pZP_qCcSu,Y1559422765003373674273146394133,propaganda-3.png,image,5040,3780,23889760,/Users/micahhoang/My Drive/Portfolio 2026/case-study-assets/seek-truth/source/Y1559422765003373674273146394133__propaganda-3.png,/Users/micahhoang/My Drive/Portfolio 2026/case-study-assets/seek-truth/optimized/Y1559422765003373674273146394133__propaganda-3.webp,284178,2200,1650,
52,propaganda reinterpretation,native image layer zRmTtVVHR,A1559427489749486529426892248597,Propaganda.png,image,4800,3600,17356181,/Users/micahhoang/My Drive/Portfolio 2026/case-study-assets/seek-truth/source/A1559427489749486529426892248597__Propaganda.png,/Users/micahhoang/My Drive/Portfolio 2026/case-study-assets/seek-truth/optimized/A1559427489749486529426892248597__Propaganda.webp,285470,2200,1650,
53,interior spread,SeekTruthCargoSlideshow / interior grid,F1556789805457225568430244222485,Open-Pages---Portrait-7.png,image,4400,3300,9687213,/Users/micahhoang/My Drive/Portfolio 2026/case-study-assets/seek-truth/source/F1556789805457225568430244222485__Open-Pages---Portrait-7.png,/Users/micahhoang/My Drive/Portfolio 2026/case-study-assets/seek-truth/optimized/F1556789805457225568430244222485__Open-Pages---Portrait-7.webp,254794,1800,1350,
54,interior spread,SeekTruthCargoSlideshow / interior grid,X1556858324504581557031505483285,Open-Pages---Portrait-Recovered7.png,image,1666,1250,1537455,/Users/micahhoang/My Drive/Portfolio 2026/case-study-assets/seek-truth/source/X1556858324504581557031505483285__Open-Pages---Portrait-Recovered7.png,/Users/micahhoang/My Drive/Portfolio 2026/case-study-assets/seek-truth/optimized/X1556858324504581557031505483285__Open-Pages---Portrait-Recovered7.webp,161982,1666,1250,
55,interior spread,SeekTruthCargoSlideshow / interior grid,E1556858324523028301105215034901,Open-Pages---Portrait-Recovered8.png,image,1666,1250,1350618,/Users/micahhoang/My Drive/Portfolio 2026/case-study-assets/seek-truth/source/E1556858324523028301105215034901__Open-Pages---Portrait-Recovered8.png,/Users/micahhoang/My Drive/Portfolio 2026/case-study-assets/seek-truth/optimized/E1556858324523028301105215034901__Open-Pages---Portrait-Recovered8.webp,148960,1666,1250,
56,interior spread,SeekTruthCargoSlideshow / interior grid,V1556871671148193999587419346453,Untitled-1.png,image,1666,1250,1816049,/Users/micahhoang/My Drive/Portfolio 2026/case-study-assets/seek-truth/source/V1556871671148193999587419346453__Untitled-1.png,/Users/micahhoang/My Drive/Portfolio 2026/case-study-assets/seek-truth/optimized/V1556871671148193999587419346453__Untitled-1.webp,167394,1666,1250,
57,poster promo video poster,,Q1559036857438697753028994520597,Seek-Truth-Promo-Video.jpg,image,1080,1920,,/Users/micahhoang/My Drive/Portfolio 2026/case-study-assets/seek-truth/source/Q1559036857438697753028994520597__Seek-Truth-Promo-Video.jpg,/Users/micahhoang/My Drive/Portfolio 2026/case-study-assets/seek-truth/optimized/Q1559036857438697753028994520597__Seek-Truth-Promo-Video.webp,373786,788,1400,
58,process square video poster,,J1559462865384191331487088629269,Seek-Truth.jpg,image,1080,1080,,/Users/micahhoang/My Drive/Portfolio 2026/case-study-assets/seek-truth/source/J1559462865384191331487088629269__Seek-Truth.jpg,/Users/micahhoang/My Drive/Portfolio 2026/case-study-assets/seek-truth/optimized/J1559462865384191331487088629269__Seek-Truth.webp,27340,1080,1080,
59,process landscape video poster,,W1559502837228096283092875204117,Comp-1.jpg,image,2272,1704,,/Users/micahhoang/My Drive/Portfolio 2026/case-study-assets/seek-truth/source/W1559502837228096283092875204117__Comp-1.jpg,/Users/micahhoang/My Drive/Portfolio 2026/case-study-assets/seek-truth/optimized/W1559502837228096283092875204117__Comp-1.webp,2706,1400,1050,
