https://files.catbox.moe/4pxs1e.mp4	https://files.catbox.moe/nwlz66.jpg	/tmp/lbqa/posters/poster01.jpg	900x1814
https://files.catbox.moe/5of27b.mp4	https://files.catbox.moe/xmd0ja.jpg	/tmp/lbqa/posters/poster02.jpg	1080x2250
https://files.catbox.moe/9nopii.mp4	https://files.catbox.moe/ca41nm.jpg	/tmp/lbqa/posters/poster03.jpg	1180x2556
https://files.catbox.moe/gspduu.mp4	https://files.catbox.moe/ia9rzi.jpg	/tmp/lbqa/posters/poster04.jpg	1920x1080
https://files.catbox.moe/mkv27q.mp4	https://files.catbox.moe/19v8uk.jpg	/tmp/lbqa/posters/poster05.jpg	1180x2556
https://freight.cargo.site/i/K1779235211065582686951637767701/cellular-symphony-Apple-Devices-HD-Best-Quality.m4v	https://files.catbox.moe/4ycy3s.jpg	/tmp/lbqa/posters/poster06.jpg	1920x1080
https://freight.cargo.site/i/K2717924145885630584799912777237/Motion-Connect_1.mp4	https://files.catbox.moe/bg06tv.jpg	/tmp/lbqa/posters/poster07.jpg	1920x1080
https://freight.cargo.site/t/original/i/A2709612322142148384214678230549/Slide-3_2.mp4	https://files.catbox.moe/0ngooi.jpg	/tmp/lbqa/posters/poster08.jpg	1920x1920
https://freight.cargo.site/t/original/i/B2709612322179041872362097333781/Slide-7_2.mp4	https://files.catbox.moe/wfqfrj.jpg	/tmp/lbqa/posters/poster09.jpg	1920x1920
https://freight.cargo.site/t/original/i/B2709612322215935360509516437013/Slide-11_2.mp4	https://files.catbox.moe/ccq9wx.jpg	/tmp/lbqa/posters/poster10.jpg	1920x1920
https://freight.cargo.site/t/original/i/B2733894595013495158138298684949/After-Effects-Process-Video.mp4	https://files.catbox.moe/wvw7pr.jpg	/tmp/lbqa/posters/poster11.jpg	3840x2160
https://freight.cargo.site/t/original/i/C1538106533449420377832965789205/Typo-London-Logo-Variants_1.mp4	https://files.catbox.moe/4trrpl.jpg	/tmp/lbqa/posters/poster12.jpg	1920x1080
https://freight.cargo.site/t/original/i/D2732712483178151888357016458773/Clip8.mp4	https://files.catbox.moe/rihmi6.jpg	/tmp/lbqa/posters/poster13.jpg	1920x1080
https://freight.cargo.site/t/original/i/E1539767266959917077443847116309/f6aa8485-6f2d-41b1-90e0-32753836bd0e.mp4	https://files.catbox.moe/tyqghf.jpg	/tmp/lbqa/posters/poster14.jpg	2880x1920
https://freight.cargo.site/t/original/i/F1540917633332215298615014577685/NPPC-Video.mov	https://files.catbox.moe/fxudjm.jpg	/tmp/lbqa/posters/poster15.jpg	720x1280
https://freight.cargo.site/t/original/i/F2709619893073297860162562020885/Untitled8.mp4	https://files.catbox.moe/5g3uq4.jpg	/tmp/lbqa/posters/poster16.jpg	1920x1920
https://freight.cargo.site/t/original/i/G1540917371720490845266153559573/National-Park-Reel.mp4	https://files.catbox.moe/8tbo2p.jpg	/tmp/lbqa/posters/poster17.jpg	720x1280
https://freight.cargo.site/t/original/i/I1536330345899837002649459480085/Typo-London-Logo-Animation.mp4	https://files.catbox.moe/95qnqo.jpg	/tmp/lbqa/posters/poster18.jpg	1920x1080
https://freight.cargo.site/t/original/i/I2732696893392013338645916538389/Clip2.mp4	https://files.catbox.moe/qi0nah.jpg	/tmp/lbqa/posters/poster19.jpg	1920x1080
https://freight.cargo.site/t/original/i/I2733896567800540121006296258069/Monolithic-Metallic-Text-Animation.mp4	https://files.catbox.moe/2lv1kh.jpg	/tmp/lbqa/posters/poster20.jpg	1280x720
https://freight.cargo.site/t/original/i/J1542517319778170274194483566101/All-Cards-Animation_1.mp4	https://files.catbox.moe/8p2g4d.jpg	/tmp/lbqa/posters/poster21.jpg	1920x1080
https://freight.cargo.site/t/original/i/J1543046243473909932978774201877/Joker-Animation-2.mp4	https://files.catbox.moe/z2sm6w.jpg	/tmp/lbqa/posters/poster22.jpg	1920x1080
https://freight.cargo.site/t/original/i/J2732708139228176946789544613397/Clip6.mp4	https://files.catbox.moe/6y6dwl.jpg	/tmp/lbqa/posters/poster23.jpg	1920x1080
https://freight.cargo.site/t/original/i/K1752285800188626851517885044245/S-S-Logo-Animation-2.mp4	https://files.catbox.moe/cu5rok.jpg	/tmp/lbqa/posters/poster24.jpg	1920x1080
https://freight.cargo.site/t/original/i/K2717876083281328160111077873173/Slide-9_2.mp4	https://files.catbox.moe/56gz7n.jpg	/tmp/lbqa/posters/poster25.jpg	1920x1920
https://freight.cargo.site/t/original/i/K2717924145885630584799912777237/Motion-Connect_1.mp4	https://files.catbox.moe/bg06tv.jpg	/tmp/lbqa/posters/poster26.jpg	1920x1080
https://freight.cargo.site/t/original/i/K2732700628673220824093023262229/Clip1.mp4	https://files.catbox.moe/cimxhp.jpg	/tmp/lbqa/posters/poster27.jpg	1920x1080
https://freight.cargo.site/t/original/i/L1543258461716816171227936970261/SnapTik_App_7063886141824683311-HD.mp4	https://files.catbox.moe/58t14j.jpg	/tmp/lbqa/posters/poster28.jpg	576x1024
https://freight.cargo.site/t/original/i/L2733915138064012148117069878805/Social-Articavisuals-Zoom_1_1.mp4	https://files.catbox.moe/r8hgtz.jpg	/tmp/lbqa/posters/poster29.jpg	1608x1080
https://freight.cargo.site/t/original/i/M2717884687488400180825785882133/TrimmedSandman.mp4	https://files.catbox.moe/ng9mfp.jpg	/tmp/lbqa/posters/poster30.jpg	1920x1920
https://freight.cargo.site/t/original/i/N1655931692761862119294608070165/Wolff-Olins-Slide-10.mp4	https://files.catbox.moe/ktjzhp.jpg	/tmp/lbqa/posters/poster31.jpg	1080x1080
https://freight.cargo.site/t/original/i/P2709618310453336800325290677781/Untitled7.mp4	https://files.catbox.moe/p9u0bp.jpg	/tmp/lbqa/posters/poster32.jpg	1920x1920
https://freight.cargo.site/t/original/i/Q1655890241562869432477620098581/Wolf-Ollins-Email-Blast.mp4	https://files.catbox.moe/i49nuv.jpg	/tmp/lbqa/posters/poster33.jpg	1668x1080
https://freight.cargo.site/t/original/i/Q2732712482809217006882825426453/Clip7.mp4	https://files.catbox.moe/h8x3hx.jpg	/tmp/lbqa/posters/poster34.jpg	1920x1080
https://freight.cargo.site/t/original/i/R1655932436442349450895181469205/Wolff-Olins-Slide-2.mp4	https://files.catbox.moe/dcotqq.jpg	/tmp/lbqa/posters/poster35.jpg	1080x1080
https://freight.cargo.site/t/original/i/R2732705807744193470639315867157/Clip5.mp4	https://files.catbox.moe/555px4.jpg	/tmp/lbqa/posters/poster36.jpg	1920x1080
https://freight.cargo.site/t/original/i/S1544927208271577561383525668373/IMG_1174.mov	https://files.catbox.moe/koxvst.jpg	/tmp/lbqa/posters/poster37.jpg	960x544
https://freight.cargo.site/t/original/i/S1655932119342818823827989190165/Wolff-Olins-Slide-1.mp4	https://files.catbox.moe/ssi82q.jpg	/tmp/lbqa/posters/poster38.jpg	1080x1080
https://freight.cargo.site/t/original/i/T2709612322123701640140968678933/Slide-2_2.mp4	https://files.catbox.moe/8dlr1s.jpg	/tmp/lbqa/posters/poster39.jpg	1920x1920
https://freight.cargo.site/t/original/i/T2732712483196598632430726010389/Clip9.mp4	https://files.catbox.moe/8cvtd4.jpg	/tmp/lbqa/posters/poster40.jpg	1920x1080
https://freight.cargo.site/t/original/i/U2732702395557708436215005697557/Clip4.mp4	https://files.catbox.moe/mydynt.jpg	/tmp/lbqa/posters/poster41.jpg	1920x1080
https://freight.cargo.site/t/original/i/V2717868598736281181345024300565/Slide-5_2.mp4	https://files.catbox.moe/8ubngm.jpg	/tmp/lbqa/posters/poster42.jpg	1920x1920
https://freight.cargo.site/t/original/i/W1537681897480517488239549077013/ID-Card-Option-Animation_1.mp4	https://files.catbox.moe/tqxhsa.jpg	/tmp/lbqa/posters/poster43.jpg	1920x1080
https://freight.cargo.site/t/original/i/X2709615829845874232307046667797/Untitled4.mp4	https://files.catbox.moe/itm4zc.jpg	/tmp/lbqa/posters/poster44.jpg	1920x1920
https://freight.cargo.site/t/original/i/Z2116629357142052312463249233429/By-the-Numbers.mp4	https://files.catbox.moe/f2lkkd.jpg	/tmp/lbqa/posters/poster45.jpg	2500x850
https://freight.cargo.site/t/original/i/Z2709612322234382104583225988629/Slide-12_2.mp4	https://files.catbox.moe/o3sl5y.jpg	/tmp/lbqa/posters/poster46.jpg	1920x1920
https://freight.cargo.site/t/original/i/Z2732698972764345559407703348757/Clip3.mp4	https://files.catbox.moe/m9z6ga.jpg	/tmp/lbqa/posters/poster47.jpg	1920x1080
