https://files.catbox.moe/4pxs1e.mp4	https://files.catbox.moe/nwlz66.jpg	assets/by-project/gaia/video-posters/legacy-poster01.jpg	900x1814
https://files.catbox.moe/5of27b.mp4	https://files.catbox.moe/xmd0ja.jpg	assets/by-project/gaia/video-posters/legacy-poster02.jpg	1080x2250
https://files.catbox.moe/9nopii.mp4	https://files.catbox.moe/ca41nm.jpg	assets/by-project/gaia/video-posters/legacy-poster03.jpg	1180x2556
https://files.catbox.moe/gspduu.mp4	https://files.catbox.moe/ia9rzi.jpg	assets/by-project/gaia/video-posters/legacy-poster04.jpg	1920x1080
https://files.catbox.moe/mkv27q.mp4	https://files.catbox.moe/19v8uk.jpg	assets/by-project/gaia/video-posters/legacy-poster05.jpg	1180x2556
https://freight.cargo.site/i/K1779235211065582686951637767701/cellular-symphony-Apple-Devices-HD-Best-Quality.m4v	https://files.catbox.moe/4ycy3s.jpg	assets/by-project/cellular-symphony/video-posters/legacy-poster06.jpg	1920x1080
https://freight.cargo.site/i/K2717924145885630584799912777237/Motion-Connect_1.mp4	https://files.catbox.moe/bg06tv.jpg	assets/by-project/motion-connect-2025/video-posters/legacy-poster07.jpg	1920x1080
https://freight.cargo.site/t/original/i/A2709612322142148384214678230549/Slide-3_2.mp4	https://files.catbox.moe/0ngooi.jpg	assets/by-project/motion-connect-2025/video-posters/legacy-poster08.jpg	1920x1920
https://freight.cargo.site/t/original/i/B2709612322179041872362097333781/Slide-7_2.mp4	https://files.catbox.moe/wfqfrj.jpg	assets/by-project/motion-connect-2025/video-posters/legacy-poster09.jpg	1920x1920
https://freight.cargo.site/t/original/i/B2709612322215935360509516437013/Slide-11_2.mp4	https://files.catbox.moe/ccq9wx.jpg	assets/by-project/motion-connect-2025/video-posters/legacy-poster10.jpg	1920x1920
https://freight.cargo.site/t/original/i/B2733894595013495158138298684949/After-Effects-Process-Video.mp4	https://files.catbox.moe/wvw7pr.jpg	assets/by-project/motion-connect-2025/video-posters/legacy-poster11.jpg	3840x2160
https://freight.cargo.site/t/original/i/C1538106533449420377832965789205/Typo-London-Logo-Variants_1.mp4	https://files.catbox.moe/4trrpl.jpg	assets/by-project/typldn/video-posters/legacy-poster12.jpg	1920x1080
https://freight.cargo.site/t/original/i/D2732712483178151888357016458773/Clip8.mp4	https://files.catbox.moe/rihmi6.jpg	assets/by-project/motion-connect-2025/video-posters/legacy-poster13.jpg	1920x1080
https://freight.cargo.site/t/original/i/E1539767266959917077443847116309/f6aa8485-6f2d-41b1-90e0-32753836bd0e.mp4	https://files.catbox.moe/tyqghf.jpg	assets/by-project/typldn/video-posters/legacy-poster14.jpg	2880x1920
https://freight.cargo.site/t/original/i/F1540917633332215298615014577685/NPPC-Video.mov	https://files.catbox.moe/fxudjm.jpg	assets/by-project/national-park-cards/video-posters/legacy-poster15.jpg	720x1280
https://freight.cargo.site/t/original/i/F2709619893073297860162562020885/Untitled8.mp4	https://files.catbox.moe/5g3uq4.jpg	assets/by-project/motion-connect-2025/video-posters/legacy-poster16.jpg	1920x1920
https://freight.cargo.site/t/original/i/G1540917371720490845266153559573/National-Park-Reel.mp4	https://files.catbox.moe/8tbo2p.jpg	assets/by-project/national-park-cards/video-posters/legacy-poster17.jpg	720x1280
https://freight.cargo.site/t/original/i/I1536330345899837002649459480085/Typo-London-Logo-Animation.mp4	https://files.catbox.moe/95qnqo.jpg	assets/by-project/typldn/video-posters/legacy-poster18.jpg	1920x1080
https://freight.cargo.site/t/original/i/I2732696893392013338645916538389/Clip2.mp4	https://files.catbox.moe/qi0nah.jpg	assets/by-project/motion-connect-2025/video-posters/legacy-poster19.jpg	1920x1080
https://freight.cargo.site/t/original/i/I2733896567800540121006296258069/Monolithic-Metallic-Text-Animation.mp4	https://files.catbox.moe/2lv1kh.jpg	assets/by-project/motion-connect-2025/video-posters/legacy-poster20.jpg	1280x720
https://freight.cargo.site/t/original/i/J1542517319778170274194483566101/All-Cards-Animation_1.mp4	https://files.catbox.moe/8p2g4d.jpg	assets/by-project/national-park-cards/video-posters/legacy-poster21.jpg	1920x1080
https://freight.cargo.site/t/original/i/J1543046243473909932978774201877/Joker-Animation-2.mp4	https://files.catbox.moe/z2sm6w.jpg	assets/by-project/national-park-cards/video-posters/legacy-poster22.jpg	1920x1080
https://freight.cargo.site/t/original/i/J2732708139228176946789544613397/Clip6.mp4	https://files.catbox.moe/6y6dwl.jpg	assets/by-project/motion-connect-2025/video-posters/legacy-poster23.jpg	1920x1080
https://freight.cargo.site/t/original/i/K1752285800188626851517885044245/S-S-Logo-Animation-2.mp4	https://files.catbox.moe/cu5rok.jpg	assets/by-project/simon-schuster/video-posters/legacy-poster24.jpg	1920x1080
https://freight.cargo.site/t/original/i/K2717876083281328160111077873173/Slide-9_2.mp4	https://files.catbox.moe/56gz7n.jpg	assets/by-project/motion-connect-2025/video-posters/legacy-poster25.jpg	1920x1920
https://freight.cargo.site/t/original/i/K2717924145885630584799912777237/Motion-Connect_1.mp4	https://files.catbox.moe/bg06tv.jpg	assets/by-project/motion-connect-2025/video-posters/legacy-poster07.jpg	1920x1080
https://freight.cargo.site/t/original/i/K2732700628673220824093023262229/Clip1.mp4	https://files.catbox.moe/cimxhp.jpg	assets/by-project/motion-connect-2025/video-posters/legacy-poster27.jpg	1920x1080
https://freight.cargo.site/t/original/i/L1543258461716816171227936970261/SnapTik_App_7063886141824683311-HD.mp4	https://files.catbox.moe/58t14j.jpg	assets/by-project/national-park-cards/video-posters/legacy-poster28.jpg	576x1024
https://freight.cargo.site/t/original/i/L2733915138064012148117069878805/Social-Articavisuals-Zoom_1_1.mp4	https://files.catbox.moe/r8hgtz.jpg	assets/by-project/motion-connect-2025/video-posters/legacy-poster29.jpg	1608x1080
https://freight.cargo.site/t/original/i/M2717884687488400180825785882133/TrimmedSandman.mp4	https://files.catbox.moe/ng9mfp.jpg	assets/by-project/motion-connect-2025/video-posters/legacy-poster30.jpg	1920x1920
https://freight.cargo.site/t/original/i/N1655931692761862119294608070165/Wolff-Olins-Slide-10.mp4	https://files.catbox.moe/ktjzhp.jpg	assets/by-project/wolff-olins-x-artcenter/video-posters/legacy-poster31.jpg	1080x1080
https://freight.cargo.site/t/original/i/P2709618310453336800325290677781/Untitled7.mp4	https://files.catbox.moe/p9u0bp.jpg	assets/by-project/motion-connect-2025/video-posters/legacy-poster32.jpg	1920x1920
https://freight.cargo.site/t/original/i/Q1655890241562869432477620098581/Wolf-Ollins-Email-Blast.mp4	https://files.catbox.moe/i49nuv.jpg	assets/by-project/wolff-olins-x-artcenter/video-posters/legacy-poster33.jpg	1668x1080
https://freight.cargo.site/t/original/i/Q2732712482809217006882825426453/Clip7.mp4	https://files.catbox.moe/h8x3hx.jpg	assets/by-project/motion-connect-2025/video-posters/legacy-poster34.jpg	1920x1080
https://freight.cargo.site/t/original/i/R1655932436442349450895181469205/Wolff-Olins-Slide-2.mp4	https://files.catbox.moe/dcotqq.jpg	assets/by-project/wolff-olins-x-artcenter/video-posters/legacy-poster35.jpg	1080x1080
https://freight.cargo.site/t/original/i/R2732705807744193470639315867157/Clip5.mp4	https://files.catbox.moe/555px4.jpg	assets/by-project/motion-connect-2025/video-posters/legacy-poster36.jpg	1920x1080
https://freight.cargo.site/t/original/i/S1544927208271577561383525668373/IMG_1174.mov	https://files.catbox.moe/koxvst.jpg	assets/by-project/national-park-cards/video-posters/legacy-poster37.jpg	960x544
https://freight.cargo.site/t/original/i/S1655932119342818823827989190165/Wolff-Olins-Slide-1.mp4	https://files.catbox.moe/ssi82q.jpg	assets/by-project/wolff-olins-x-artcenter/video-posters/legacy-poster38.jpg	1080x1080
https://freight.cargo.site/t/original/i/T2709612322123701640140968678933/Slide-2_2.mp4	https://files.catbox.moe/8dlr1s.jpg	assets/by-project/motion-connect-2025/video-posters/legacy-poster39.jpg	1920x1920
https://freight.cargo.site/t/original/i/T2732712483196598632430726010389/Clip9.mp4	https://files.catbox.moe/8cvtd4.jpg	assets/by-project/motion-connect-2025/video-posters/legacy-poster40.jpg	1920x1080
https://freight.cargo.site/t/original/i/U2732702395557708436215005697557/Clip4.mp4	https://files.catbox.moe/mydynt.jpg	assets/by-project/motion-connect-2025/video-posters/legacy-poster41.jpg	1920x1080
https://freight.cargo.site/t/original/i/V2717868598736281181345024300565/Slide-5_2.mp4	https://files.catbox.moe/8ubngm.jpg	assets/by-project/motion-connect-2025/video-posters/legacy-poster42.jpg	1920x1920
https://freight.cargo.site/t/original/i/W1537681897480517488239549077013/ID-Card-Option-Animation_1.mp4	https://files.catbox.moe/tqxhsa.jpg	assets/by-project/typldn/video-posters/legacy-poster43.jpg	1920x1080
https://freight.cargo.site/t/original/i/X2709615829845874232307046667797/Untitled4.mp4	https://files.catbox.moe/itm4zc.jpg	assets/by-project/motion-connect-2025/video-posters/legacy-poster44.jpg	1920x1920
https://freight.cargo.site/t/original/i/Z2116629357142052312463249233429/By-the-Numbers.mp4	https://files.catbox.moe/f2lkkd.jpg	assets/by-project/national-park-cards/video-posters/legacy-poster45.jpg	2500x850
https://freight.cargo.site/t/original/i/Z2709612322234382104583225988629/Slide-12_2.mp4	https://files.catbox.moe/o3sl5y.jpg	assets/by-project/motion-connect-2025/video-posters/legacy-poster46.jpg	1920x1920
https://freight.cargo.site/t/original/i/Z2732698972764345559407703348757/Clip3.mp4	https://files.catbox.moe/m9z6ga.jpg	assets/by-project/motion-connect-2025/video-posters/legacy-poster47.jpg	1920x1080
